Date-obs_corrected_midexp,RA,DEC
2022-03-09T10:43:35.499,92.44898288180521,5.5639390025997635
2022-03-09T10:43:35.499,92.26529615298662,5.671564882770586
2022-03-09T10:43:35.499,92.25725593333483,6.004680160530938
2022-03-09T10:43:35.499,92.6185168649525,5.6486345619500815
2022-03-09T10:43:35.499,92.62100118036773,5.6486873024639905
2022-03-09T10:43:44.080,92.34323835005623,6.053053010554738
2022-03-09T10:43:52.520,92.72650578767683,5.561899274448982
2022-03-09T10:43:52.520,92.55841698938598,5.654185834320909
2022-03-09T10:43:52.520,92.34299648495288,6.053145528399148
2022-03-09T10:44:00.959,92.25697494891864,6.004529360050364
2022-03-09T10:44:17.930,92.55793679894182,5.654236421234193
2022-03-09T10:44:17.930,92.76292233664664,5.6886692021375405
2022-03-09T10:44:17.930,92.342896730589,6.053144884237772
2022-03-09T10:44:26.399,92.72680199102028,5.562009253944629
2022-03-09T10:44:26.399,92.26634529742792,5.671909278065266
2022-03-09T10:44:26.399,92.7621361877715,5.688680955755118
2022-03-09T10:44:26.399,92.86784897062347,5.841346040354117
2022-03-09T10:44:26.399,92.79341177191571,6.086707596146982
2022-03-09T10:44:26.399,92.4802163078995,5.894585204732477
2022-03-09T10:44:26.399,92.48248456089034,5.894629662026008
2022-03-09T10:44:35.010,92.72635626928913,5.561615770772884
2022-03-09T10:44:35.010,92.79168057662784,5.624256446884416
2022-03-09T10:44:35.010,92.55858513510792,5.654006884190361
2022-03-09T10:44:35.010,92.26613310230263,5.671677363569424
2022-03-09T10:44:35.010,92.76252252467435,5.688526504211214
2022-03-09T10:44:35.010,92.4492642514796,5.780043887144343
2022-03-09T10:44:35.010,92.523788041532,6.083105811238141
2022-03-09T10:44:35.010,92.79434142325476,6.08694979961862
2022-03-09T10:44:43.410,92.72660949880252,5.561640086647082
2022-03-09T10:44:43.410,92.93401585586705,5.586687651067019
2022-03-09T10:44:43.410,92.79161894861541,5.624347727222794
2022-03-09T10:44:43.410,92.8791180584152,5.834484871730301
2022-03-09T10:44:43.410,92.34257847305973,6.053123958926666
2022-03-09T10:44:51.800,92.98582651730558,5.608300526128706
2022-03-09T10:44:51.800,92.79437067504492,6.08679946991664
2022-03-09T10:45:00.260,93.00894222462348,5.683640595330197
2022-03-09T10:45:00.260,92.76219144385549,5.688525269738668
2022-03-09T10:45:00.260,92.82308678536772,5.757967904718122
2022-03-09T10:45:00.260,92.44920691207234,5.780008554474996
2022-03-09T10:45:08.779,92.55810772278019,5.653950597054529
2022-03-09T10:45:08.779,92.76205780010963,5.688478757680011
2022-03-09T10:45:08.779,93.06913090519683,5.744081498373044
2022-03-09T10:45:08.779,92.93342954233036,5.836518521776628
2022-03-09T10:45:08.779,93.03016076348202,5.83642547710601
2022-03-09T10:45:08.779,92.67491998000258,6.024247239675349
2022-03-09T10:45:08.779,92.52426650614848,6.083042533943103
2022-03-09T10:45:17.340,92.55017181361815,5.647869753533693
2022-03-09T10:45:17.340,92.55717884288275,5.65394026987288
2022-03-09T10:45:17.340,92.4511209427028,6.0831703509373
2022-03-09T10:45:26.389,92.72625744440548,5.561643124273604
2022-03-09T10:45:26.389,92.54957438142496,5.647850349287702
2022-03-09T10:45:26.389,93.0746341414996,5.720980280158055
2022-03-09T10:45:26.389,92.82269392470276,5.757645055580287
2022-03-09T10:45:26.389,92.98020033231293,5.9948370468808765
2022-03-09T10:45:26.389,92.7947776969095,6.086994838698188
2022-03-09T10:45:34.989,92.55583185933384,5.56099770113468
2022-03-09T10:45:34.989,92.93386346127782,5.586536602990905
2022-03-09T10:45:34.989,92.79156068012836,5.624191112298798
2022-03-09T10:45:34.989,92.55853660402119,5.653756429214193
2022-03-09T10:45:34.989,92.76197530263526,5.688560463041403
2022-03-09T10:45:34.989,93.02364642299149,5.688679556144308
2022-03-09T10:45:34.989,93.0524001148795,5.702929035155564
2022-03-09T10:45:34.989,93.07401985277019,5.721041950902431
2022-03-09T10:45:34.989,93.16593576563427,5.725118272164505
2022-03-09T10:45:34.989,92.93326324190828,5.836599754731004
2022-03-09T10:45:34.989,92.79493890586684,6.086959145322311
2022-03-09T10:45:43.400,92.76194640043116,5.688559591471473
2022-03-09T10:45:43.400,93.0306720144676,5.836506140420803
2022-03-09T10:45:43.400,93.05216105802432,6.002693129327431
2022-03-09T10:45:43.400,92.94716908131785,6.0788099697215365
2022-03-09T10:45:53.160,92.93431208252636,5.586482475944824
2022-03-09T10:45:53.160,92.76254493051974,5.688284137928144
2022-03-09T10:45:53.160,93.05252039941537,5.703250745468924
2022-03-09T10:45:53.160,93.06566334249592,5.712847002514195
2022-03-09T10:45:53.160,93.07450432754878,5.721019039476017
2022-03-09T10:45:53.160,92.93372875485963,5.836613700303698
2022-03-09T10:45:53.160,93.03024459023895,5.83643326242332
2022-03-09T10:45:53.160,92.98058009717252,5.994944654869825
2022-03-09T10:45:53.160,93.05195817433872,6.00265539767621
2022-03-09T10:46:01.700,92.7264308748139,5.561665396042144
2022-03-09T10:46:01.700,93.02360362013042,5.688511426616515
2022-03-09T10:46:01.700,93.05243196865538,5.703462144434974
2022-03-09T10:46:01.700,93.07424768702985,5.720889821412118
2022-03-09T10:46:01.700,93.16655424909864,5.725124618320121
2022-03-09T10:46:01.700,93.15037297442795,5.8438861130949595
2022-03-09T10:46:10.399,93.31718780788486,5.58336646711657
2022-03-09T10:46:10.399,92.76187103300528,5.688481918310332
2022-03-09T10:46:10.399,93.1663948229077,5.7252385049008865
2022-03-09T10:46:10.399,93.2785008612735,5.765157330964174
2022-03-09T10:46:10.399,93.02981694690698,5.836588652475828
2022-03-09T10:46:10.399,93.2849639161668,5.888849567688778
2022-03-09T10:46:18.680,93.31797043140918,5.583244793352992
2022-03-09T10:46:18.680,93.0744211499624,5.720900938775832
2022-03-09T10:46:18.680,92.93310724689738,5.836642537686017
2022-03-09T10:46:18.680,93.02956813741592,5.836438727993615
2022-03-09T10:46:27.259,92.80338370907079,5.715492027109576
2022-03-09T10:46:27.259,93.2789706635273,5.765106569742771
2022-03-09T10:46:27.259,93.24384184241211,5.973041507935945
2022-03-09T10:46:27.259,93.0517982932002,6.002530154657189
2022-03-09T10:46:27.259,93.20176025965004,6.002498979063401
2022-03-09T10:46:36.639,93.31748446004963,5.583378179128587
2022-03-09T10:46:36.639,93.40049378512649,5.606792849166707
2022-03-09T10:46:36.639,92.79188317939457,5.624056383182264
2022-03-09T10:46:36.639,93.02375722358244,5.688455865959175
2022-03-09T10:46:36.639,93.0524359540746,5.7031534020565795
2022-03-09T10:46:36.639,93.07444687819743,5.720874701937439
2022-03-09T10:46:36.639,92.87851905924711,5.834262839300148
2022-03-09T10:46:36.639,92.93337213783323,5.836626396540423
2022-03-09T10:46:45.249,92.80385817656324,5.715323801812672
2022-03-09T10:46:45.249,93.27865014035171,5.765277730868953
2022-03-09T10:46:45.249,93.24482111469075,5.776329755669868
2022-03-09T10:46:45.249,92.93300039768643,5.836671965201791
2022-03-09T10:46:45.249,93.02994713999132,5.83636757163226
2022-03-09T10:46:45.249,93.28544129158115,5.888909777206472
2022-03-09T10:46:54.550,93.31822123762241,5.58345014365108
2022-03-09T10:46:54.550,93.05127784832825,6.002592454224905
2022-03-09T10:46:54.550,93.20147830467104,6.002432282305199
2022-03-09T10:46:54.550,92.9473943470144,6.078748268625539
2022-03-09T10:47:03.180,93.17674525502478,5.560933666309545
2022-03-09T10:47:03.180,92.98573461611943,5.607989405582866
2022-03-09T10:47:03.180,93.36029212956946,5.732755952975088
2022-03-09T10:47:03.180,93.2785910340634,5.765238621533688
2022-03-09T10:47:03.180,93.35306348048671,5.816167131750893
2022-03-09T10:47:03.180,92.8784664540597,5.8344570722197835
2022-03-09T10:47:03.180,93.5411570352431,5.872159055538904
2022-03-09T10:47:03.180,93.5250111357485,5.901897663552532
2022-03-09T10:47:03.180,93.31657926501425,5.975116015683996
2022-03-09T10:47:11.710,93.22256811601713,5.568686975937447
2022-03-09T10:47:11.710,92.93459904830253,5.586562729419805
2022-03-09T10:47:11.710,93.41348322131911,5.646080456067405
2022-03-09T10:47:11.710,93.27819622293232,5.765155393887498
2022-03-09T10:47:11.710,93.54107111597878,5.8723588991478906
2022-03-09T10:47:11.710,93.09140314471003,5.944470361919658
2022-03-09T10:47:11.710,93.31701495714552,5.975013913407237
2022-03-09T10:47:11.710,92.98096718295436,5.994911130471798
2022-03-09T10:47:20.489,93.54120561798035,5.872233775523762
2022-03-09T10:47:20.489,92.94712130903908,6.078793548260411
2022-03-09T10:47:28.980,93.54110440552675,5.872371491502005
2022-03-09T10:47:37.359,93.17648505783113,5.561120766541066
2022-03-09T10:47:37.359,93.54114948138793,5.872205208652427
2022-03-09T10:47:45.940,93.31751207835067,5.583423272565733
2022-03-09T10:47:45.940,93.6820536097185,5.608340052407755
2022-03-09T10:47:45.940,93.56731945280856,5.617276020659071
2022-03-09T10:47:45.940,93.4225165005582,5.691363416513337
2022-03-09T10:47:45.940,93.35981765819263,5.7324261471094
2022-03-09T10:47:45.940,93.27843765048702,5.765090765520785
2022-03-09T10:47:45.940,93.54091664535262,5.872223547418886
2022-03-09T10:47:45.940,93.28469124598774,5.889043767284189
2022-03-09T10:47:45.940,93.52497283237994,5.901903910248897
2022-03-09T10:47:54.440,93.35995682506027,5.732508742629609
2022-03-09T10:47:54.440,93.27824136314564,5.765107769172201
2022-03-09T10:47:54.440,93.54103913404764,5.8721028579463885
2022-03-09T10:47:54.440,93.47848860470457,5.920420574747312
2022-03-09T10:48:03.439,93.41367825137155,5.645884910163122
2022-03-09T10:48:03.439,93.36006601612081,5.7322901692357355
2022-03-09T10:48:03.439,93.60848192096225,5.734302761634787
2022-03-09T10:48:03.439,93.27842874562577,5.76497132862427
2022-03-09T10:48:03.439,93.54119989233979,5.872180770932667
2022-03-09T10:48:03.439,93.28459904868613,5.888815480248878
2022-03-09T10:48:12.089,93.31796443948201,5.58352005373778
2022-03-09T10:48:12.089,93.68219602295255,5.60812591012731
2022-03-09T10:48:12.089,93.66973467359978,5.638815597707426
2022-03-09T10:48:12.089,93.41360576187458,5.645778115319159
2022-03-09T10:48:12.089,93.60815963976188,5.734422283239294
2022-03-09T10:48:12.089,93.27808183251032,5.76517605898278
2022-03-09T10:48:12.089,93.54120590428967,5.872198572817607
2022-03-09T10:48:12.089,93.72198157010028,5.908343300848801
2022-03-09T10:48:12.089,93.7775436198682,5.98481236746373
2022-03-09T10:48:20.599,93.4001897477194,5.606802303008092
2022-03-09T10:48:20.599,93.35990012850564,5.732207457896095
2022-03-09T10:48:20.599,93.45562641683006,5.7611788400637804
2022-03-09T10:48:20.599,93.54110740983491,5.872310638221387
2022-03-09T10:48:20.599,93.78857991525601,5.898062606370007
2022-03-09T10:48:20.599,93.52558234008254,5.901863301938928
2022-03-09T10:48:20.599,93.77755646082485,5.984916130525404
2022-03-09T10:48:29.139,93.68206449733353,5.608076279267445
2022-03-09T10:48:29.139,93.56767952238397,5.617312179631484
2022-03-09T10:48:29.139,93.57981057036604,5.664495327119685
2022-03-09T10:48:29.139,93.45605746878807,5.761124918598581
2022-03-09T10:48:29.139,93.90067134984136,5.8657872321822015
2022-03-09T10:48:29.139,93.5411960523374,5.872324189358377
2022-03-09T10:48:29.139,93.78879278787856,5.8977375391852185
2022-03-09T10:48:37.569,93.31752479413028,5.583470281131659
2022-03-09T10:48:37.569,93.56779082250638,5.617062500383198
2022-03-09T10:48:37.569,93.57982958080169,5.664237381469687
2022-03-09T10:48:37.569,93.75631458875739,5.780303174568669
2022-03-09T10:48:37.569,93.54113262557074,5.872255453608474
2022-03-09T10:48:37.569,93.72147435282228,5.908264596172118
2022-03-09T10:48:46.050,93.4005971764562,5.606624614778447
2022-03-09T10:48:46.050,93.68218363090163,5.608310337278898
2022-03-09T10:48:46.050,93.41376561085995,5.6458661849762075
2022-03-09T10:48:46.050,93.4336545462854,5.6587071739536245
2022-03-09T10:48:46.050,93.60821903273029,5.73447137765365
2022-03-09T10:48:46.050,93.9078354194112,5.768066033530668
2022-03-09T10:48:46.050,93.54123129156693,5.872285708575291
2022-03-09T10:48:46.050,93.52519700331631,5.90190657295843
2022-03-09T10:48:54.789,93.54106933111636,5.872245766564705
2022-03-09T10:48:54.789,93.52349837707169,6.075600948545432
2022-03-09T10:49:04.220,93.75571663186338,5.780475414613653
2022-03-09T10:49:04.220,93.9004299121202,5.865813449122517
2022-03-09T10:49:04.220,93.54104313706085,5.872352696771135
2022-03-09T10:49:12.979,93.75641144360856,5.780360362197227
2022-03-09T10:49:12.979,93.54082458127137,5.872186870555475
2022-03-09T10:49:22.189,94.07484191134824,5.6805183024284815
2022-03-09T10:49:22.189,94.09891517821626,5.692535950251799
2022-03-09T10:49:22.189,93.60801118831063,5.734411495136775
2022-03-09T10:49:22.189,93.54092518697229,5.872270901448187
2022-03-09T10:49:22.189,93.47875524978946,5.920614879444544
2022-03-09T10:49:32.380,94.08558701616198,5.629530773802182
2022-03-09T10:49:32.380,93.66982766818408,5.6385923626825365
2022-03-09T10:49:32.380,94.11498828678747,5.815474990733611
2022-03-09T10:49:32.380,93.5409696274555,5.872289594007932
2022-03-09T10:49:42.349,93.99457135588419,5.652314014885119
2022-03-09T10:49:42.349,94.09970351890793,5.692220863061114
2022-03-09T10:49:42.349,93.88444767143149,5.72967071151361
2022-03-09T10:49:42.349,93.54065176436623,5.872346798280247
2022-03-09T10:49:42.349,94.17524690543759,5.920079315717271
2022-03-09T10:49:42.349,93.57563061533878,5.958037908253303
2022-03-09T10:49:42.349,93.57135838404278,6.00786117149852
2022-03-09T10:49:52.289,94.07506149157021,5.680431563974136
2022-03-09T10:49:52.289,94.099593708689,5.692391346661879
2022-03-09T10:49:52.289,93.8836850962204,5.729549113231911
2022-03-09T10:49:52.289,93.60784811925382,5.734397824282023
2022-03-09T10:49:52.289,94.07120331781803,5.757496714080635
2022-03-09T10:50:02.180,93.66982786122975,5.638554845090702
2022-03-09T10:50:02.180,94.09920033786439,5.692510995061627
2022-03-09T10:50:02.180,93.88378676101091,5.729669810529907
2022-03-09T10:50:02.180,93.89975729279166,5.8659071792534005
2022-03-09T10:50:02.180,94.09560294040892,5.922893923560948
2022-03-09T10:50:02.180,93.97967803651999,5.987744765752179
2022-03-09T10:50:02.180,94.2149855266032,5.996295091035808
2022-03-09T10:50:02.180,94.1325834591922,6.0508293029300555
2022-03-09T10:50:10.829,93.682254978082,5.608066102190242
2022-03-09T10:50:10.829,94.09941371329127,5.692416538316283
2022-03-09T10:50:10.829,94.08093107898793,5.738702917783547
2022-03-09T10:50:10.829,94.0713384439092,5.757651538105776
2022-03-09T10:50:10.829,94.3359747902905,5.769208247988992
2022-03-09T10:50:10.829,94.26185489051923,5.788246180962943
2022-03-09T10:50:10.829,94.26842622864682,5.879801026366634
2022-03-09T10:50:10.829,93.72122348660135,5.908349799006276
2022-03-09T10:50:10.829,94.17850514382161,6.05074734162193
2022-03-09T10:50:20.489,94.06028302812408,5.856063639383564
2022-03-09T10:50:20.489,93.9769568725036,5.901808813100137
2022-03-09T10:50:20.489,93.7749296865018,5.989894299819172
2022-03-09T10:50:29.020,94.30884213957913,5.667805971584281
2022-03-09T10:50:29.020,94.10996147476106,5.945523798404647
2022-03-09T10:50:38.819,93.9081051962807,5.768050935110391
2022-03-09T10:50:38.819,94.33586202808533,5.769214848636677
2022-03-09T10:50:38.819,94.0602392253937,5.856137805655304
2022-03-09T10:50:47.419,94.42776552907011,6.082458473921438
2022-03-09T10:50:56.319,94.08066788449707,5.738803026436459
2022-03-09T10:51:04.950,94.30724066142751,5.566666499047543
2022-03-09T10:51:04.950,94.48465352961814,5.810600453821948
2022-03-09T10:51:13.530,94.34501913307595,5.640241788062792
2022-03-09T10:51:13.530,94.27223972710091,5.640856691358025
2022-03-09T10:51:13.530,94.08140820913913,5.738683030746418
2022-03-09T10:51:13.530,94.54385074010659,6.043629954697422
2022-03-09T10:51:13.530,94.42783617509824,6.082353702064889
2022-03-09T10:51:21.889,94.07116668028046,5.757528507113
2022-03-09T10:51:49.260,94.12977785650497,5.574489202605955
2022-03-09T10:51:49.260,94.11406573926584,5.815719124075732
2022-03-09T10:51:49.260,94.4976618976605,6.03125123235928
2022-03-09T10:51:58.050,94.12717998400419,5.570073443081482
2022-03-09T10:51:58.050,94.32352332178753,5.596929735408977
2022-03-09T10:51:58.050,94.26890180196797,5.605256583683606
2022-03-09T10:51:58.050,94.33568242999333,5.769146023612933
2022-03-09T10:51:58.050,94.4846639043738,5.810547847642741
2022-03-09T10:51:58.050,94.60928316262508,5.858135942155219
2022-03-09T10:51:58.050,94.26766529538894,5.879365253607711
2022-03-09T10:51:58.050,94.53453182077364,5.952189592606989
2022-03-09T10:51:58.050,94.66748358298489,5.9960191755966195
2022-03-09T10:51:58.050,94.54410405405947,6.043630956813548
2022-03-09T10:51:58.050,94.76831742649189,5.7356579138870565
2022-03-09T10:51:58.050,94.77077471367407,5.7357078709686595
2022-03-09T10:52:06.279,94.80279232185427,5.631719997827326
2022-03-09T10:52:06.279,94.34517683669223,5.640077394514141
2022-03-09T10:52:06.279,94.67025295380863,5.878124670513758
2022-03-09T10:52:14.950,94.59448813855631,5.750579556978114
2022-03-09T10:52:23.570,94.51097816172584,5.7784062493273405
2022-03-09T10:52:23.570,94.21487486771527,5.996331051397939
2022-03-09T10:52:23.570,94.38584200232097,6.023048576812725
2022-03-09T10:52:33.049,94.26867116649025,5.605147139472526
2022-03-09T10:52:33.049,94.69798966450229,5.780005966988586
2022-03-09T10:52:33.049,94.87707998758393,5.8409992333249425
2022-03-09T10:52:33.049,94.60853553668497,5.858036510670038
2022-03-09T10:52:42.109,94.32368927954938,5.596956325323213
2022-03-09T10:52:42.109,94.50014470019106,6.006394238574992
2022-03-09T10:52:50.929,94.5353571186003,5.751637877240726
2022-03-09T10:52:50.929,94.68879602754672,6.067529219853208
2022-03-09T10:52:59.950,94.67016513706547,5.878267822383299
2022-03-09T10:53:08.720,94.53516218996253,5.75149065985682
2022-03-09T10:53:08.720,94.69741969646527,5.779886616057652
2022-03-09T10:53:08.720,94.5063794066912,5.907682805399746
2022-03-09T10:53:17.270,95.07876720070297,5.973410310369728
2022-03-09T10:53:17.270,94.68957565479491,6.067321688075395
2022-03-09T10:53:25.700,94.93190497324967,5.7081490217515976
2022-03-09T10:53:25.700,94.95805504960327,5.9418994097091495
2022-03-09T10:53:25.700,94.5668657943314,5.955584908015448
2022-03-09T10:53:25.700,94.97802390402907,5.739714998349489
2022-03-09T10:53:25.700,94.98052051070796,5.739972356793337
2022-03-09T10:53:25.700,94.95500819867415,5.788835565628832
2022-03-09T10:53:25.700,94.95736902997075,5.788806176369725
2022-03-09T10:53:25.700,94.97134639694059,5.929343838607405
2022-03-09T10:53:25.700,94.97381828959085,5.92938957305368
2022-03-09T10:53:25.700,95.13848925995671,5.977234227131159
2022-03-09T10:53:25.700,95.14098408991852,5.977268869472277
2022-03-09T10:53:34.989,94.73750798851803,5.561315501019055
2022-03-09T10:53:34.989,94.7415002944893,5.6112043684940955
2022-03-09T10:53:34.989,95.04004436326117,5.670147084246109
2022-03-09T10:53:34.989,94.98327419284372,5.687093727482699
2022-03-09T10:53:34.989,94.98574308441638,5.6871811153543295
2022-03-09T10:53:34.989,94.69747743610603,5.779791796227506
2022-03-09T10:53:34.989,95.1750343782664,5.974696283733107
2022-03-09T10:53:34.989,94.66767529324271,5.995929345038568
2022-03-09T10:53:34.989,94.57418341911597,6.015561019350403
2022-03-09T10:53:34.989,94.5767726244045,6.0155093891812585
2022-03-09T10:53:34.989,94.67386369224276,5.596428668895567
2022-03-09T10:53:34.989,95.00565201927309,5.6616490606492915
2022-03-09T10:53:34.989,95.0032116573847,5.661868074627099
2022-03-09T10:53:34.989,94.74518169074823,5.696617100101688
2022-03-09T10:53:34.989,94.86686811394584,5.763939405467536
2022-03-09T10:53:34.989,94.86422871877495,5.764357899293115
2022-03-09T10:53:34.989,94.95682944776574,5.788707354934515
2022-03-09T10:53:34.989,94.9542349677729,5.789075479027339
2022-03-09T10:53:34.989,94.85487628501409,5.802360449561083
2022-03-09T10:53:34.989,94.85739117433742,5.802251228041497
2022-03-09T10:53:34.989,94.87193954982747,5.817440173653542
2022-03-09T10:53:34.989,94.86953004972584,5.817483364772613
2022-03-09T10:53:34.989,94.54577333261108,5.875655913822784
2022-03-09T10:53:34.989,94.54366546654373,5.875919471466858
2022-03-09T10:53:34.989,94.75354604860816,5.890122530160885
2022-03-09T10:53:34.989,94.75096812590668,5.89036206877686
2022-03-09T10:53:34.989,94.57246122101913,5.986431280987486
2022-03-09T10:53:34.989,94.57016959558955,5.986550019123566
2022-03-09T10:53:43.459,94.66986736286796,5.877950625874574
2022-03-09T10:53:52.039,94.96924646134222,5.600291405611908
2022-03-09T10:53:52.039,95.07880396950605,5.973461468373822
2022-03-09T10:54:01.490,94.67052559485538,5.8781654424292435
2022-03-09T10:54:01.490,94.96229239995415,5.901014513733569
2022-03-09T10:54:10.419,94.73614089914119,5.561545466058704
2022-03-09T10:54:10.419,95.2269177712228,5.590432226390973
2022-03-09T10:54:10.419,94.69658697290781,5.779842881852662
2022-03-09T10:54:10.419,95.00977564607797,5.835092136647938
2022-03-09T10:54:10.419,95.30959088339023,5.946124665335028
2022-03-09T10:54:10.419,94.76799297282986,6.09509071205255
2022-03-09T10:54:10.419,94.96856251240516,6.076281646208566
2022-03-09T10:54:10.419,94.97097844134319,6.076355998486846
2022-03-09T10:54:28.489,95.2264029464184,5.590437801906696
2022-03-09T10:54:36.859,95.22613427367946,5.590388916809661
2022-03-09T10:54:36.859,94.96239360468655,5.922523069962044
2022-03-09T10:54:36.859,95.25178910020885,5.961626906089363
2022-03-09T10:54:36.859,94.76805569954163,6.094993256547812
2022-03-09T10:54:46.639,95.36777342025047,5.660176061164918
2022-03-09T10:54:46.639,95.37001460784721,5.659930309207491
2022-03-09T10:54:46.639,95.2333030737966,5.783939358944733
2022-03-09T10:54:46.639,94.87545996733441,5.840969669721149
2022-03-09T10:54:46.639,95.30778682002696,5.946382355175614
2022-03-09T10:54:46.639,95.0780551188425,5.973522209721415
2022-03-09T10:54:46.639,95.44377698589399,6.023263408027882
2022-03-09T10:54:55.739,95.22564080577524,5.590324772142003
2022-03-09T10:54:55.739,94.91590573868892,5.734225676425331
2022-03-09T10:55:04.539,95.1807526105002,5.776531007505627
2022-03-09T10:55:04.539,94.96221104479119,5.922781420756722
2022-03-09T10:55:04.539,95.3079130616391,5.946126146918899
2022-03-09T10:55:04.539,95.07920266221856,5.973408912684253
2022-03-09T10:55:04.539,95.1988998718004,6.060946305011769
2022-03-09T10:55:04.539,95.17897577309897,6.084525225299144
2022-03-09T10:55:14.060,95.52932687694822,5.58155234055566
2022-03-09T10:55:14.060,95.36910556946486,5.660095364137971
2022-03-09T10:55:14.060,95.18100630196972,5.77634232736727
2022-03-09T10:55:14.060,95.43973384838505,5.835467318904364
2022-03-09T10:55:14.060,95.46730508858954,5.8387145878765825
2022-03-09T10:55:14.060,95.00821084388886,5.868727765109252
2022-03-09T10:55:14.060,95.20654643501346,5.873558513509196
2022-03-09T10:55:14.060,95.53948814047325,5.9295710349190625
2022-03-09T10:55:14.060,95.30865094605541,5.946234556083292
2022-03-09T10:55:14.060,95.51034818348691,5.984088431523628
2022-03-09T10:55:14.060,95.16033715974437,5.993472195382679
2022-03-09T10:55:14.060,95.1986545026188,6.0609208270760115
2022-03-09T10:55:14.060,94.96958345282674,6.076330826144139
2022-03-09T10:55:22.959,95.36824690305886,5.660436641271749
2022-03-09T10:55:22.959,95.0387824242506,5.670228538915472
2022-03-09T10:55:22.959,94.95397799650416,5.702568107568172
2022-03-09T10:55:22.959,95.18085925159664,5.776706718374546
2022-03-09T10:55:22.959,95.43987374631624,5.835811586707768
2022-03-09T10:55:22.959,95.46675247628554,5.838975200393513
2022-03-09T10:55:22.959,95.00901613019083,5.86906027784364
2022-03-09T10:55:22.959,94.99281023187099,5.949533260401339
2022-03-09T10:55:22.959,95.19932790937004,6.020494298596953
2022-03-09T10:55:22.959,95.41899015453487,6.04882479210285
2022-03-09T10:55:22.959,95.45358056940424,6.054489878107165
2022-03-09T10:55:31.399,95.2255766619205,5.590503363407408
2022-03-09T10:55:31.399,95.53849771235767,5.9294828700425635
2022-03-09T10:55:31.399,95.41910559418909,6.048631666742662
2022-03-09T10:55:31.399,95.02711678212498,6.013717432209078
2022-03-09T10:55:31.399,95.02965156319358,6.013992103092803
2022-03-09T10:55:40.080,95.43852773784178,5.717932682175422
2022-03-09T10:55:40.080,95.54152570542607,5.7289276623667815
2022-03-09T10:55:48.560,95.2360925883858,5.956806364247502
2022-03-09T10:55:58.590,95.36841001348948,5.6604147590543255
2022-03-09T10:55:58.590,95.48987127843988,5.886129681239699
2022-03-09T10:55:58.590,95.49232360575529,5.885789663515107
2022-03-09T10:55:58.590,95.1762398468447,5.974728826687177
2022-03-09T10:55:58.590,95.17366248113032,5.974861358501593
2022-03-09T10:55:58.590,95.54085823628975,6.007544027148915
2022-03-09T10:55:58.590,95.53842215489172,6.007857441297572
2022-03-09T10:55:58.590,95.4069059004632,6.023455301453316
2022-03-09T10:55:58.590,95.40949252013522,6.023370177460893
2022-03-09T10:56:07.560,95.80754176113572,5.834465027838486
2022-03-09T10:56:07.560,95.20731283906693,5.873419121730908
2022-03-09T10:56:07.560,95.30948949102732,5.946053410045199
2022-03-09T10:56:07.560,95.20046888954377,6.0203463619145
2022-03-09T10:56:16.259,95.45211190734892,5.579195247608088
2022-03-09T10:56:16.259,95.39105260583072,5.76278529491234
2022-03-09T10:56:16.259,95.38751321320328,5.781213562469489
2022-03-09T10:56:16.259,95.38998552079319,5.846229262428284
2022-03-09T10:56:16.259,95.53962045043215,5.869635378401911
2022-03-09T10:56:16.259,95.6701301685896,6.06309539724852
2022-03-09T10:56:24.700,95.84002791464616,5.589151218383022
2022-03-09T10:56:24.700,95.74900638735873,5.979191257830794
2022-03-09T10:56:24.700,95.857379330519,6.0020828903440515
2022-03-09T10:56:33.429,95.84032203420718,5.588929266659278
2022-03-09T10:56:33.429,95.56219365750255,5.683584593118498
2022-03-09T10:56:33.429,95.85736534085213,6.001994488795836
2022-03-09T10:56:33.429,95.44874514430882,6.016358859433333
2022-03-09T10:56:41.889,95.80780981747202,5.587993030807878
2022-03-09T10:56:41.889,95.75208164258872,5.601303441667226
2022-03-09T10:56:41.889,95.36814938655202,5.6602211336424215
2022-03-09T10:56:41.889,95.81316390484862,5.85533613963469
2022-03-09T10:56:41.889,95.45355747386068,6.054433882212337
2022-03-09T10:56:51.789,95.75296986383917,5.601026544555568
2022-03-09T10:56:51.789,95.46760291839445,5.838566479717864
2022-03-09T10:56:51.789,95.81379516134672,5.855258893649481
2022-03-09T10:56:51.789,95.53826364876467,5.929513771389941
2022-03-09T10:56:51.789,95.79564733429487,6.067521280084624
2022-03-09T10:56:51.789,95.96281779639357,6.081264891776947
2022-03-09T10:57:01.950,95.89181598562735,5.7290464454587635
2022-03-09T10:57:01.950,95.75414170644555,5.737620426394145
2022-03-09T10:57:01.950,95.75417730970962,5.912197308515171
2022-03-09T10:57:01.950,95.8534939188859,5.935907811936421
2022-03-09T10:57:01.950,95.85707471540557,6.0020905374826174
2022-03-09T10:57:01.950,95.79476558813666,6.067494043933291
2022-03-09T10:57:01.950,95.63995487539555,5.80530862259635
2022-03-09T10:57:01.950,95.64245188913442,5.8056083469739805
2022-03-09T10:57:11.310,95.92822974338962,5.713595574332463
2022-03-09T10:57:11.310,95.89181048307186,5.728967196438709
2022-03-09T10:57:11.310,95.75394749867222,5.737563975927142
2022-03-09T10:57:11.310,96.08039338087278,5.913998486867735
2022-03-09T10:57:11.310,95.85762450837623,6.00213282839263
2022-03-09T10:57:11.310,95.79185689049964,6.023808988529381
2022-03-09T10:57:11.310,95.96191984218297,6.081246932109141
2022-03-09T10:57:11.310,95.96439132061788,6.081361054070916
2022-03-09T10:57:20.820,95.8402868675925,5.589222830907057
2022-03-09T10:57:20.820,95.75285397323572,5.6011250757605255
2022-03-09T10:57:20.820,95.66829177654536,5.641259287842454
2022-03-09T10:57:20.820,95.5888835653867,5.690520690399613
2022-03-09T10:57:20.820,96.05533627132137,5.7019083742399586
2022-03-09T10:57:20.820,95.8638102918153,5.761891431824083
2022-03-09T10:57:20.820,95.81307299304801,5.855347255925191
2022-03-09T10:57:20.820,95.53968148760818,5.929547231075728
2022-03-09T10:57:20.820,95.85651516209279,6.002183393975256
2022-03-09T10:57:20.820,95.99723890206242,6.00475604038481
2022-03-09T10:57:20.820,95.96199890295836,6.081140608956207
2022-03-09T10:57:20.820,95.56928719261536,5.948161132679359
2022-03-09T10:57:20.820,95.57191119304908,5.948220323006678
2022-03-09T10:57:20.820,95.4549732565813,6.062588473698581
2022-03-09T10:57:20.820,95.45719274637798,6.062812656231603
2022-03-09T10:57:20.820,96.10080840280843,6.076380833776001
2022-03-09T10:57:20.820,96.10339381597504,6.0765316747658655
2022-03-09T10:57:30.579,95.7528462748468,5.60106576151423
2022-03-09T10:57:30.579,96.1611422784507,5.6187167315575985
2022-03-09T10:57:30.579,96.0545974466195,5.701763167678755
2022-03-09T10:57:30.579,95.75398556447747,5.737548892701415
2022-03-09T10:57:30.579,95.7547826195568,5.912051212760664
2022-03-09T10:57:30.579,96.07968409231538,5.914000586694321
2022-03-09T10:57:30.579,95.53926974158587,5.9295917024581755
2022-03-09T10:57:30.579,96.16502024689952,5.997557588427379
2022-03-09T10:57:39.380,95.52915366960734,5.58134987615516
2022-03-09T10:57:39.380,95.71218808094784,5.680871841555481
2022-03-09T10:57:39.380,95.80815260780943,5.834497129713973
2022-03-09T10:57:39.380,96.0665383689491,5.92705527167685
2022-03-09T10:57:39.380,96.033546732475,5.933765123753172
2022-03-09T10:57:39.380,96.103220937801,6.076123658247814
2022-03-09T10:57:39.380,95.96253834501267,6.081380094444159
2022-03-09T10:57:39.380,95.80026409654558,5.582720372983809
2022-03-09T10:57:39.380,95.79882385936033,5.584365530665917
2022-03-09T10:57:39.380,96.07542691756332,5.68759702730903
2022-03-09T10:57:39.380,96.07422552479966,5.6892058484578545
2022-03-09T10:57:39.380,96.03581439650323,5.984009057456864
2022-03-09T10:57:39.380,96.03852250329017,5.984191182001349
2022-03-09T10:57:39.380,95.9425217741105,6.004554476973451
2022-03-09T10:57:39.380,95.9452108273777,6.004600592505232
2022-03-09T10:57:48.730,95.83936514985406,5.589158154098113
2022-03-09T10:57:48.730,95.87725922812564,5.828243884030378
2022-03-09T10:57:48.730,95.86660212788584,5.84039283638762
2022-03-09T10:57:48.730,95.75395312510754,5.912176899893264
2022-03-09T10:57:48.730,95.85735293013482,6.002037429188331
2022-03-09T10:57:57.429,95.66860335775814,5.641397652666347
2022-03-09T10:57:57.429,95.86468777684928,5.762080392523026
2022-03-09T10:57:57.429,96.08044387872502,5.913913540221882
2022-03-09T10:57:57.429,95.85762814329661,6.002162607661105
2022-03-09T10:57:57.429,95.96455861054768,6.018311722862252
2022-03-09T10:58:05.810,96.27761583436514,5.560770198024521
2022-03-09T10:58:05.810,95.75282718794914,5.601204112569109
2022-03-09T10:58:05.810,96.16043929528696,5.618714552480385
2022-03-09T10:58:05.810,96.0541541218859,5.701537659714809
2022-03-09T10:58:05.810,95.92757930598054,5.713655969203129
2022-03-09T10:58:05.810,95.86342293824937,5.762195987891074
2022-03-09T10:58:05.810,95.8247779101895,5.823999535539865
2022-03-09T10:58:05.810,96.32113227889337,5.8411635174801475
2022-03-09T10:58:05.810,95.85329028749699,5.9357207655284245
2022-03-09T10:58:05.810,96.07673169662513,5.911753964547588
2022-03-09T10:58:15.360,95.86331408273142,5.762171782291171
2022-03-09T10:58:15.360,95.8129379391744,5.855509515638113
2022-03-09T10:58:15.360,96.25995947492875,5.892770370907309
2022-03-09T10:58:15.360,96.08011650646249,5.913958842945973
2022-03-09T10:58:15.360,96.1647343885553,5.997727044268354
2022-03-09T10:58:24.549,96.05483002827697,5.70186401522441
2022-03-09T10:58:24.549,95.92723832008599,5.713560534132314
2022-03-09T10:58:24.549,96.32305120724382,5.831374156750692
2022-03-09T10:58:24.549,95.81321599509938,5.855236964957857
2022-03-09T10:58:24.549,96.16530090841106,5.997976000854713
2022-03-09T10:58:24.549,96.20129042714579,5.570204749649449
2022-03-09T10:58:24.549,96.20361132239042,5.569962026781482
2022-03-09T10:58:24.549,95.95391540793925,5.82057555233936
2022-03-09T10:58:24.549,95.95647169336863,5.820399470257676
2022-03-09T10:58:24.549,96.07559202681917,5.911824896081353
2022-03-09T10:58:24.549,95.98674712586119,5.933731374335749
2022-03-09T10:58:24.549,95.98944323706931,5.933708178728863
2022-03-09T10:58:33.290,95.75119191984793,5.600989281633139
2022-03-09T10:58:33.290,95.93362300228046,5.637016907339775
2022-03-09T10:58:33.290,95.98030684614028,5.671001907981914
2022-03-09T10:58:33.290,96.4221415782325,5.794808357597665
2022-03-09T10:58:33.290,96.23506035203997,5.8308310724325905
2022-03-09T10:58:33.290,96.39416620758057,5.903467717229089
2022-03-09T10:58:33.290,96.17087193887748,5.92842798673094
2022-03-09T10:58:41.950,96.22054583136688,5.636886263141033
2022-03-09T10:58:41.950,95.92850759838423,5.713663824240108
2022-03-09T10:58:41.950,96.23485468964762,5.831058035671616
2022-03-09T10:58:41.950,96.32265625633686,5.831106364138143
2022-03-09T10:58:41.950,96.25949297564729,5.89252537132968
2022-03-09T10:58:41.950,96.07986890885302,5.913948804790765
2022-03-09T10:58:41.950,96.28359930712067,5.920677359824759
2022-03-09T10:58:41.950,96.37862798965116,5.952865243157035
2022-03-09T10:58:50.749,96.41566810520352,5.653558024214316
2022-03-09T10:58:50.749,96.42242203230326,5.7950516169156625
2022-03-09T10:58:50.749,96.23423660737286,5.830674443145278
2022-03-09T10:58:50.749,96.07958546221408,5.91385804374839
2022-03-09T10:58:50.749,96.16951850756884,5.92837742850784
2022-03-09T10:58:50.749,96.37820491643407,5.9523920366096785
2022-03-09T10:58:50.749,95.8570699214627,6.002091096503138
2022-03-09T10:58:50.749,96.49863309232403,6.009072466311264
2022-03-09T10:58:50.749,96.41399311461049,5.67741069050171
2022-03-09T10:58:50.749,96.41629968291728,5.677447001924969
2022-03-09T10:59:00.270,95.92917052710926,5.71338581778199
2022-03-09T10:59:00.270,96.23497653939664,5.830737618412892
2022-03-09T10:59:00.270,96.39492530994873,5.9033078100344305
2022-03-09T10:59:00.270,96.07937553351798,5.914062855790197
2022-03-09T10:59:00.270,96.37825930230026,5.952347539304983
2022-03-09T10:59:00.270,96.39707353312419,6.0153285099436395
2022-03-09T10:59:00.270,96.1006765791652,6.0768857807106755
2022-03-09T10:59:00.270,96.10292467700916,6.076526707830625
2022-03-09T10:59:08.760,96.16071639893515,5.618820823184288
2022-03-09T10:59:08.760,96.21983227338217,5.637031020364486
2022-03-09T10:59:08.760,96.3225996571491,5.831464506118424
2022-03-09T10:59:08.760,96.2458885711999,5.885780616246904
2022-03-09T10:59:08.760,96.07992104025796,5.914073689821207
2022-03-09T10:59:08.760,96.03342133456188,5.9341004618174304
2022-03-09T10:59:08.760,96.03601099515934,5.934129120947259
2022-03-09T10:59:08.760,96.16521132223757,5.997826977143943
2022-03-09T10:59:08.760,95.99903951502691,6.004797893047173
2022-03-09T10:59:08.760,96.3972435667877,6.0155180515563735
2022-03-09T10:59:08.760,96.47277653138256,5.888903147422112
2022-03-09T10:59:08.760,96.47528284502614,5.888866050121086
2022-03-09T10:59:08.760,96.0662772412156,5.927367301141584
2022-03-09T10:59:08.760,96.06861626565538,5.927171199902915
2022-03-09T10:59:17.259,96.41630298691453,5.653545586540285
2022-03-09T10:59:17.259,96.00919443631967,5.7672966722370465
2022-03-09T10:59:17.259,96.42089003353085,5.794723432471284
2022-03-09T10:59:17.259,96.13836773829483,5.824512260037764
2022-03-09T10:59:17.259,96.5559543443144,5.892929639611837
2022-03-09T10:59:17.259,96.49999996307105,6.009122206678545
2022-03-09T10:59:17.259,95.9616017669073,6.081182428050805
2022-03-09T10:59:25.919,96.22049862141752,5.636683075199996
2022-03-09T10:59:25.919,96.41523687299856,5.653210317818347
2022-03-09T10:59:25.919,96.23595707853441,5.831190325786073
2022-03-09T10:59:25.919,96.3214994571998,5.841334622464561
2022-03-09T10:59:25.919,96.37875439610548,5.95271584226878
2022-03-09T10:59:25.919,96.49990430345514,6.009075957373241
2022-03-09T10:59:25.919,96.06876488242841,5.927271705766754
2022-03-09T10:59:25.919,96.39547325288758,6.015514136288507
2022-03-09T10:59:25.919,96.10189196632953,6.076441054831757
2022-03-09T10:59:25.919,96.10429999747105,6.076604842916614
2022-03-09T10:59:34.440,96.16014886834543,5.618514111071125
2022-03-09T10:59:34.440,96.5661972492931,5.640387558797555
2022-03-09T10:59:34.440,96.36257377214109,5.838805005248811
2022-03-09T10:59:34.440,96.65221859125185,5.907985759293851
2022-03-09T10:59:34.440,96.6495619949409,5.908026011134385
2022-03-09T10:59:34.440,96.06655282682733,5.927224819576152
2022-03-09T10:59:34.440,96.56055725742232,5.941939339315985
2022-03-09T10:59:34.440,96.56504089203219,5.970028528426784
2022-03-09T10:59:34.440,96.62209084855634,6.002545647770293
2022-03-09T10:59:34.440,96.39457244192049,6.015548004138439
2022-03-09T10:59:34.440,96.56503911514567,5.568641453865634
2022-03-09T10:59:34.440,96.5675405686878,5.568524267532578
2022-03-09T10:59:34.440,96.13812393317765,5.598140056418106
2022-03-09T10:59:34.440,96.14066627105156,5.597985859033276
2022-03-09T10:59:34.440,96.4068813388985,5.629310257999981
2022-03-09T10:59:34.440,96.4043075375824,5.629655234488977
2022-03-09T10:59:34.440,96.28693475646624,5.721477502028947
2022-03-09T10:59:34.440,96.28959439775541,5.721291667739978
2022-03-09T10:59:34.440,96.08934229545898,5.877176257796367
2022-03-09T10:59:34.440,96.0868846524691,5.877365476348178
2022-03-09T10:59:34.440,96.60886734696568,5.925166946134105
2022-03-09T10:59:34.440,96.61147137464886,5.925120378130963
2022-03-09T10:59:34.440,96.0360173418845,5.933904125139014
2022-03-09T10:59:34.440,96.03352448746786,5.9339177166513055
2022-03-09T10:59:34.440,96.01784643394545,5.9526478445762
2022-03-09T10:59:34.440,96.01549504641862,5.952464704555134
2022-03-09T10:59:34.440,96.52906039735059,5.956026119574276
2022-03-09T10:59:34.440,96.53164071878666,5.956160616375267
2022-03-09T10:59:34.440,96.30162700727618,5.999199367683049
2022-03-09T10:59:34.440,96.29896769846066,5.999590262672584
2022-03-09T10:59:34.440,96.45547861285408,6.065548319523367
2022-03-09T10:59:34.440,96.45802721448092,6.065428922197108
2022-03-09T10:59:34.440,96.35387062781162,6.103382985549687
2022-03-09T10:59:34.440,96.35111426424062,6.103916302525547
2022-03-09T10:59:43.099,96.60356342548458,5.622669244864262
2022-03-09T10:59:43.099,96.41589114168049,5.653313688273566
2022-03-09T10:59:43.099,96.56334636395079,5.690658969514352
2022-03-09T10:59:43.099,96.71573070017034,5.708764210370399
2022-03-09T10:59:43.099,96.4224506639481,5.794752811358153
2022-03-09T10:59:43.099,96.2346703811212,5.8309173399620855
2022-03-09T10:59:43.099,96.16525194854275,5.9977777503546434
2022-03-09T10:59:43.099,96.39697075694144,6.015495450065206
2022-03-09T10:59:43.099,96.20737790503088,6.1010458226967295
2022-03-09T10:59:51.730,96.38620148416256,5.597282147245992
2022-03-09T10:59:51.730,96.41631605340339,5.6771820081138555
2022-03-09T10:59:51.730,96.45962800157824,5.761233462570644
2022-03-09T10:59:51.730,96.32393272520197,5.831192986734483
2022-03-09T10:59:51.730,96.72473264581788,5.873921545999618
2022-03-09T10:59:51.730,96.24508277759107,5.885510104876234
2022-03-09T10:59:51.730,96.07943168014683,5.913893348774855
2022-03-09T10:59:51.730,96.56361312169523,5.942053481959218
2022-03-09T10:59:51.730,96.3971414539956,6.015567094001147
2022-03-09T10:59:51.730,96.64803803489936,6.016975515772513
2022-03-09T10:59:51.730,96.6658618037042,5.86502716717852
2022-03-09T10:59:51.730,96.66845580720148,5.865316498838724
2022-03-09T10:59:51.730,96.42134368713383,5.924732851878337
2022-03-09T10:59:51.730,96.42342143301715,5.92493680088108
2022-03-09T11:00:00.480,96.41595981427271,5.653179951519725
2022-03-09T11:00:00.480,96.28377772014642,5.920776685140276
2022-03-09T11:00:00.480,96.75051923187455,5.954452743998895
2022-03-09T11:00:09.260,96.20183311242386,5.5699256634877985
2022-03-09T11:00:09.260,96.38632192982891,5.597311601696494
2022-03-09T11:00:09.260,96.79776362831258,5.647896905820069
2022-03-09T11:00:09.260,96.41614163633086,5.653454815404874
2022-03-09T11:00:09.260,96.71576978913004,5.708407923827022
2022-03-09T11:00:09.260,96.51913272160883,5.858152284143923
2022-03-09T11:00:09.260,96.49129953495195,5.983732913698015
2022-03-09T11:00:09.260,96.29793191973395,5.989099593004205
2022-03-09T11:00:09.260,96.64629484326716,6.016810980181965
2022-03-09T11:00:09.260,96.64887868562288,6.0170433469209454
2022-03-09T11:00:17.910,96.60373536099904,5.622483455918458
2022-03-09T11:00:17.910,96.4160196381533,5.653533428906082
2022-03-09T11:00:17.910,96.320613216184,5.840930305061548
2022-03-09T11:00:17.910,96.39472727875591,5.90343009600071
2022-03-09T11:00:17.910,96.49936164145342,6.0090773702310925
2022-03-09T11:00:17.910,96.19270476705576,6.03865597205847
2022-03-09T11:00:26.579,96.71993120997642,5.725314145157336
2022-03-09T11:00:26.579,96.36217721917797,5.838828401212164
2022-03-09T11:00:26.579,96.74033511656629,5.911077315285289
2022-03-09T11:00:26.579,96.28322253933723,5.920772001693674
2022-03-09T11:00:26.579,96.56311092198632,5.941733922531004
2022-03-09T11:00:26.579,96.75092518378307,5.95462944169208
2022-03-09T11:00:26.579,96.64057675747675,5.996600049292721
2022-03-09T11:00:26.579,96.49881993879563,6.008829689039026
2022-03-09T11:00:26.579,96.62693469286538,6.0312980271074705
2022-03-09T11:00:26.579,96.3532904530247,6.103683793058563
2022-03-09T11:00:26.579,96.83500946743017,6.05789797387187
2022-03-09T11:00:26.579,96.83749441507143,6.057717935356501
2022-03-09T11:00:26.579,96.45633257597572,6.0652639293204125
2022-03-09T11:00:26.579,96.45908785300483,6.0651720313393325
2022-03-09T11:00:26.579,96.85096846568452,6.101741863869175
2022-03-09T11:00:26.579,96.85370558261982,6.101631842337411
2022-03-09T11:00:35.800,96.56894856256058,5.640076011882133
2022-03-09T11:00:35.800,96.75468246782525,5.644682454177304
2022-03-09T11:00:35.800,96.28862373666993,5.721425864214621
2022-03-09T11:00:35.800,96.65274518344692,5.907496699024948
2022-03-09T11:00:35.800,96.73972218298071,5.911171895829065
2022-03-09T11:00:35.800,96.85481410646818,6.03127521352064
2022-03-09T11:00:35.800,96.45720044166154,6.065237100738224
2022-03-09T11:00:35.800,96.45953397158898,6.065317195313986
2022-03-09T11:00:35.800,96.35360138538249,5.801508077939728
2022-03-09T11:00:35.800,96.35606697506498,5.801764980550146
2022-03-09T11:00:35.800,96.62272019890736,6.002252683609404
2022-03-09T11:00:35.800,96.62522800818503,6.002456505269532
2022-03-09T11:00:35.800,96.71855645603131,6.055943249472481
2022-03-09T11:00:35.800,96.72111179494414,6.056006146319422
2022-03-09T11:00:35.800,96.83608892514276,6.057813789391631
2022-03-09T11:00:35.800,96.83818066511199,6.057325254374529
2022-03-09T11:00:35.800,96.44731573965169,6.099887895045361
2022-03-09T11:00:35.800,96.44940190619563,6.1000187802287975
2022-03-09T11:00:44.400,96.45984285806806,5.761521337294815
2022-03-09T11:00:44.400,96.37735740345421,5.952509667851861
2022-03-09T11:00:53.039,96.98183173752474,5.648167247125137
2022-03-09T11:00:53.039,96.94333603181896,5.758717563307483
2022-03-09T11:00:53.039,96.88166307807238,6.097770779649735
2022-03-09T11:00:53.039,96.88424973981076,6.098186806584652
2022-03-09T11:00:53.039,96.85507962982001,6.031190194972118
2022-03-09T11:00:53.039,96.85222807794608,6.031651518056922
2022-03-09T11:01:01.480,96.79848400563802,5.648306696375456
2022-03-09T11:01:01.480,96.81395678040687,5.702564723406538
2022-03-09T11:01:01.480,96.71618080356822,5.70855170842878
2022-03-09T11:01:01.480,96.71971342090362,5.725320270223297
2022-03-09T11:01:01.480,96.3750543052253,5.847881442500587
2022-03-09T11:01:01.480,96.55729598647568,5.893034905923965
2022-03-09T11:01:10.300,96.56787575703702,5.640046408851358
2022-03-09T11:01:10.300,96.79867516420128,5.648118359388778
2022-03-09T11:01:10.300,96.41498419270191,5.677343574620001
2022-03-09T11:01:10.300,97.01403722079422,5.691638827359938
2022-03-09T11:01:10.300,96.55709370561227,5.893131374938081
2022-03-09T11:01:10.300,96.5626661071023,5.94166455612444
2022-03-09T11:01:10.300,97.03809730317835,5.982512276895831
2022-03-09T11:01:19.610,96.75605838189551,5.643607436751843
2022-03-09T11:01:19.610,96.75419419559134,5.645357723220715
2022-03-09T11:01:19.610,96.52760412791933,5.7974772635310945
2022-03-09T11:01:19.610,96.47664275346581,5.887737309740857
2022-03-09T11:01:19.610,96.74117433870471,5.9107535878449635
2022-03-09T11:01:19.610,97.01981897900494,5.941436287142865
2022-03-09T11:01:19.610,96.8687755631912,6.017444525345023
2022-03-09T11:01:19.610,96.85464597445427,6.030783302521116
2022-03-09T11:01:19.610,96.44770372094139,6.098713474611145
2022-03-09T11:01:19.610,96.92474743721063,5.59980653211205
2022-03-09T11:01:19.610,96.92327380549884,5.601450840215263
2022-03-09T11:01:19.610,96.75827779330906,5.7027000596631865
2022-03-09T11:01:19.610,96.75720778781596,5.704357671321065
2022-03-09T11:01:19.610,96.7801134049105,5.849157211504427
2022-03-09T11:01:19.610,96.77860483269863,5.850832736985286
2022-03-09T11:01:19.610,96.46211093791436,5.884864927582986
2022-03-09T11:01:19.610,96.46058660356402,5.886567643874546
2022-03-09T11:01:19.610,97.05781579412634,5.9176454669803995
2022-03-09T11:01:19.610,97.05638676583453,5.919223446360696
2022-03-09T11:01:19.610,96.53235008385232,5.954248529510995
2022-03-09T11:01:19.610,96.53084065140787,5.955865032783839
2022-03-09T11:01:28.290,96.79781584258855,5.648037294492772
2022-03-09T11:01:28.290,96.71535685713188,5.708525914790888
2022-03-09T11:01:28.290,97.00045171800383,5.949428654829673
2022-03-09T11:01:37.770,96.98287342285664,5.647855450822168
2022-03-09T11:01:37.770,97.1235938049902,5.786382006228822
2022-03-09T11:01:37.770,96.8215497898338,5.986482867711302
2022-03-09T11:01:37.770,96.85514018681202,6.031336707467454
2022-03-09T11:01:56.130,96.79802645107738,5.648217066884873
2022-03-09T11:01:56.130,96.9820079270518,5.6481361640055985
2022-03-09T11:01:56.130,96.71566661967556,5.708384708415196
2022-03-09T11:01:56.130,97.0382166111058,5.9822922749633864
2022-03-09T11:01:56.130,96.82240592791486,5.98624215304813
2022-03-09T11:02:05.500,97.06590212645358,5.675994940796745
2022-03-09T11:02:05.500,97.01500356745238,5.69099494516314
2022-03-09T11:02:05.500,96.8167133103631,5.896689557613584
2022-03-09T11:02:05.500,96.65302214469109,5.9072126756471635
2022-03-09T11:02:05.500,96.74111189197146,5.910672369176462
2022-03-09T11:02:05.500,96.74989628946294,5.954416695921813
2022-03-09T11:02:05.500,96.88330437137914,6.097692628136689
2022-03-09T11:02:05.500,96.90968221678794,5.979652966320933
2022-03-09T11:02:05.500,96.90798770185297,5.981106576612222
